{"loss": [0.6483094692230225, 0.5813632011413574, 0.5325758457183838, 0.503190279006958, 0.47582340240478516, 0.46328064799308777, 0.44965383410453796, 0.4272656738758087, 0.41484251618385315, 0.40429601073265076, 0.37425553798675537, 0.37101778388023376, 0.36003708839416504, 0.34137237071990967, 0.3378409445285797, 0.3149590492248535, 0.3090691864490509, 0.292062371969223, 0.27957022190093994, 0.2654469907283783, 0.2535126805305481, 0.2441096007823944, 0.23089037835597992, 0.2149319350719452, 0.20221838355064392, 0.19743481278419495, 0.19452990591526031, 0.17586596310138702, 0.1648411601781845, 0.15868516266345978, 0.162230983376503, 0.14678090810775757, 0.13661564886569977, 0.13500162959098816, 0.13742786645889282, 0.12013155966997147, 0.12130945175886154, 0.10520205646753311, 0.10680174082517624, 0.1084054633975029, 0.1067730113863945, 0.09511954337358475, 0.09581338614225388, 0.08609505742788315, 0.07974039018154144, 0.07949104905128479, 0.07762221992015839, 0.07775368541479111, 0.06901464611291885, 0.0693778246641159, 0.0601799450814724, 0.07748191803693771, 0.06360893696546555, 0.06445588171482086, 0.06358963996171951, 0.060244977474212646, 0.06343606859445572, 0.053869377821683884, 0.06397796422243118, 0.060349754989147186, 0.061067987233400345, 0.04904768243432045, 0.05669710785150528, 0.05209659785032272, 0.05614785850048065, 0.062208082526922226, 0.05865783989429474, 0.04653770476579666, 0.04524299502372742, 0.05439335107803345, 0.04737095534801483, 0.04811611771583557, 0.05086926743388176, 0.03590136393904686, 0.04428602755069733, 0.0549430251121521, 0.05101662129163742, 0.04274049028754234, 0.039443958550691605, 0.03411104530096054, 0.04215242341160774, 0.04118764027953148, 0.04419481381773949, 0.03659548982977867, 0.04111604392528534, 0.037895165383815765, 0.04832237958908081, 0.04559871554374695, 0.037252433598041534, 0.03820940479636192, 0.036545924842357635, 0.030688194558024406, 0.03547375649213791, 0.03970794379711151, 0.03812571242451668, 0.036718957126140594, 0.04601145163178444, 0.05060219392180443, 0.03348202630877495, 0.036746811121702194], "accuracy": [0.6138749718666077, 0.6961249709129333, 0.7351250052452087, 0.7552499771118164, 0.7689999938011169, 0.7773749828338623, 0.7878749966621399, 0.7976250052452087, 0.8084999918937683, 0.812125027179718, 0.8305000066757202, 0.8331249952316284, 0.8379999995231628, 0.847000002861023, 0.8497499823570251, 0.8636249899864197, 0.8631250262260437, 0.875374972820282, 0.8777499794960022, 0.890999972820282, 0.8932499885559082, 0.893625020980835, 0.9039999842643738, 0.9120000004768372, 0.9211249947547913, 0.9253749847412109, 0.9207500219345093, 0.9308750033378601, 0.9347500205039978, 0.9382500052452087, 0.9359999895095825, 0.9422500133514404, 0.9456250071525574, 0.9481250047683716, 0.9474999904632568, 0.953499972820282, 0.953249990940094, 0.9614999890327454, 0.9592499732971191, 0.9571250081062317, 0.9591249823570251, 0.9653750061988831, 0.9670000076293945, 0.9672499895095825, 0.9707499742507935, 0.9711250066757202, 0.9703750014305115, 0.9716249704360962, 0.9742500185966492, 0.9732499718666077, 0.9796249866485596, 0.972000002861023, 0.9777500033378601, 0.9768750071525574, 0.9763749837875366, 0.9783750176429749, 0.9776250123977661, 0.9798750281333923, 0.9775000214576721, 0.9773749709129333, 0.9776250123977661, 0.981249988079071, 0.9797499775886536, 0.981374979019165, 0.9802500009536743, 0.9777500033378601, 0.9794999957084656, 0.9838749766349792, 0.9838749766349792, 0.9816250205039978, 0.9825000166893005, 0.9827499985694885, 0.9803749918937683, 0.9866250157356262, 0.984499990940094, 0.9791250228881836, 0.9817500114440918, 0.9861249923706055, 0.9862499833106995, 0.9882500171661377, 0.9861249923706055, 0.9848750233650208, 0.984375, 0.9877499938011169, 0.9856250286102295, 0.9863749742507935, 0.9837499856948853, 0.984000027179718, 0.9854999780654907, 0.984624981880188, 0.9858750104904175, 0.9893749952316284, 0.9862499833106995, 0.9866250157356262, 0.9866250157356262, 0.9882500171661377, 0.9838749766349792, 0.981374979019165, 0.9883750081062317, 0.987375020980835], "val_loss": [0.6193670630455017, 0.5291386246681213, 0.5631195306777954, 0.5028848052024841, 0.4704209864139557, 0.45087501406669617, 0.4532003700733185, 0.45018166303634644, 0.42652428150177, 0.44703689217567444, 0.42558619379997253, 0.4230737090110779, 0.47429752349853516, 0.4311408996582031, 0.4304850697517395, 0.4166254997253418, 0.42715954780578613, 0.4292362928390503, 0.4557747542858124, 0.47135478258132935, 0.450416624546051, 0.519037663936615, 0.46720126271247864, 0.5444467663764954, 0.49469193816185, 0.6705459356307983, 0.5564094185829163, 0.5594303607940674, 0.5529105067253113, 0.5806113481521606, 0.5804418921470642, 0.6988336443901062, 0.6108997464179993, 0.6139112710952759, 0.6169980764389038, 0.6853915452957153, 0.6433731317520142, 0.6397770047187805, 0.6971014738082886, 0.6954106688499451, 0.6801371574401855, 0.6722012758255005, 0.6753318309783936, 0.8390378952026367, 0.7781988978385925, 0.7462255954742432, 0.8802331686019897, 0.7870320081710815, 0.8313209414482117, 0.8140681982040405, 0.8748971819877625, 0.859832227230072, 0.828917384147644, 0.9333034157752991, 0.8546710014343262, 0.848493754863739, 0.9229181408882141, 1.0153170824050903, 0.902923047542572, 0.9418161511421204, 0.864561140537262, 0.9436305165290833, 0.9643650054931641, 0.8435728549957275, 0.9917523264884949, 0.9679754376411438, 0.949506402015686, 0.8702673316001892, 0.9359389543533325, 0.8834095001220703, 0.9389085173606873, 0.9447307586669922, 1.0616166591644287, 1.0220494270324707, 1.2210267782211304, 0.9270350933074951, 0.9276421070098877, 1.1150543689727783, 1.1628859043121338, 1.092522382736206, 1.0999373197555542, 1.0790818929672241, 1.0380085706710815, 1.080619215965271, 1.0675238370895386, 1.1376714706420898, 1.0196987390518188, 0.9765823483467102, 0.9975971579551697, 1.020704984664917, 1.1446149349212646, 1.1290826797485352, 1.0438599586486816, 1.1449154615402222, 1.1149779558181763, 1.1784955263137817, 1.0765807628631592, 1.0602967739105225, 1.1736843585968018, 1.2356511354446411],