{"loss": [0.644503653049469, 0.5786806344985962, 0.5484320521354675, 0.509669840335846, 0.4928455650806427, 0.4790240526199341, 0.469031423330307, 0.4469350576400757, 0.4416934847831726, 0.43075746297836304, 0.4089755117893219, 0.39706793427467346, 0.37692880630493164, 0.3692062795162201, 0.3594546914100647, 0.34114715456962585, 0.3352420926094055, 0.32754242420196533, 0.3060299754142761, 0.2935866713523865, 0.2797774076461792, 0.27088093757629395, 0.2694568336009979, 0.24359874427318573, 0.23413808643817902, 0.2226182222366333, 0.22005711495876312, 0.21288156509399414, 0.192795529961586, 0.18551819026470184, 0.175923153758049, 0.1765821874141693, 0.16263017058372498, 0.1536794900894165, 0.15446434915065765, 0.14604996144771576, 0.13104726374149323, 0.13241781294345856, 0.12599508464336395, 0.1253730207681656, 0.12592743337154388, 0.10686124116182327, 0.11069013178348541, 0.10839758068323135, 0.10989045351743698, 0.09686960279941559, 0.0946464017033577, 0.10003158450126648, 0.09752152115106583, 0.08303402364253998, 0.08871132135391235, 0.08670776337385178, 0.07867095619440079, 0.07256399095058441, 0.0813596174120903, 0.0722016766667366, 0.08216884732246399, 0.08180760592222214, 0.06780748814344406, 0.061118196696043015, 0.08297432959079742, 0.06565379351377487, 0.07140549272298813, 0.06944425404071808, 0.05919365957379341, 0.05462988466024399, 0.061412837356328964, 0.06645578145980835, 0.06090714409947395, 0.058006610721349716, 0.05844879150390625, 0.05458155274391174, 0.06310396641492844, 0.05784527212381363, 0.04890671744942665, 0.047876227647066116, 0.05467159301042557, 0.047178421169519424, 0.05595206096768379, 0.04939182847738266, 0.04697355255484581, 0.05587012320756912, 0.052384790033102036, 0.047971855849027634, 0.04934418201446533, 0.04602007940411568, 0.03645120933651924, 0.05817006528377533, 0.056476011872291565, 0.05645546317100525, 0.06119750067591667, 0.04276625066995621, 0.04278041794896126, 0.044196441769599915, 0.03703058883547783, 0.03805069625377655, 0.043821122497320175, 0.03399531543254852, 0.044059667736291885, 0.04812763258814812], "accuracy": [0.6225000023841858, 0.6973749995231628, 0.7182499766349792, 0.7473750114440918, 0.7632499933242798, 0.7695000171661377, 0.7757499814033508, 0.793749988079071, 0.7891250252723694, 0.7981250286102295, 0.8077499866485596, 0.8202499747276306, 0.8333749771118164, 0.8322499990463257, 0.8349999785423279, 0.8518750071525574, 0.8493750095367432, 0.8550000190734863, 0.8668749928474426, 0.8756250143051147, 0.8807500004768372, 0.8847500085830688, 0.8848749995231628, 0.8955000042915344, 0.9037500023841858, 0.9114999771118164, 0.9104999899864197, 0.9151250123977661, 0.9208750128746033, 0.9262499809265137, 0.9300000071525574, 0.9298750162124634, 0.9380000233650208, 0.9380000233650208, 0.9434999823570251, 0.940625011920929, 0.949999988079071, 0.9493749737739563, 0.9524999856948853, 0.953125, 0.9514999985694885, 0.9611250162124634, 0.9593750238418579, 0.9593750238418579, 0.9605000019073486, 0.9611250162124634, 0.965624988079071, 0.9643750190734863, 0.9627500176429749, 0.9679999947547913, 0.9678750038146973, 0.9668750166893005, 0.9708750247955322, 0.9750000238418579, 0.9693750143051147, 0.9729999899864197, 0.9716249704360962, 0.9702500104904175, 0.9754999876022339, 0.9792500138282776, 0.9681249856948853, 0.9757500290870667, 0.9747499823570251, 0.9756249785423279, 0.9783750176429749, 0.9804999828338623, 0.9792500138282776, 0.9743750095367432, 0.9789999723434448, 0.9783750176429749, 0.9788749814033508, 0.9815000295639038, 0.9756249785423279, 0.9800000190734863, 0.9821249842643738, 0.9833750128746033, 0.9801250100135803, 0.9856250286102295, 0.9801250100135803, 0.9827499985694885, 0.9853749871253967, 0.981249988079071, 0.9803749918937683, 0.9808750152587891, 0.9827499985694885, 0.9807500243186951, 0.9869999885559082, 0.9802500009536743, 0.9767500162124634, 0.9783750176429749, 0.9781249761581421, 0.9865000247955322, 0.9858750104904175, 0.9836249947547913, 0.9853749871253967, 0.987625002861023, 0.9853749871253967, 0.9892500042915344, 0.9851250052452087, 0.9837499856948853], "val_loss": [0.5724894404411316, 0.6253423690795898, 0.5265414714813232, 0.5210642218589783, 0.5211846828460693, 0.4885960519313812, 0.4869263172149658, 0.48270729184150696, 0.46556293964385986, 0.4581014811992645, 0.47632935643196106, 0.465756356716156, 0.4979752004146576, 0.48343202471733093, 0.45603305101394653, 0.5147778391838074, 0.474547803401947, 0.48020392656326294, 0.4883102476596832, 0.5502888560295105, 0.511682391166687, 0.6003302335739136, 0.5230101346969604, 0.5564521551132202, 0.5944022536277771, 0.5713606476783752, 0.5539243817329407, 0.6262624263763428, 0.5844277739524841, 0.5738977193832397, 0.6148081421852112, 0.5752542614936829, 0.6060569286346436, 0.6777320504188538, 0.6611645221710205, 0.6445631384849548, 0.6760973334312439, 0.6814675331115723, 0.7761868238449097, 0.7821570038795471, 0.7458794713020325, 0.8152096271514893, 0.8002963662147522, 0.8577631711959839, 0.7974796891212463, 0.7572238445281982, 0.8479060530662537, 0.8690799474716187, 0.829813539981842, 0.8902744054794312, 0.7933074831962585, 0.8377054929733276, 0.9506621360778809, 0.9024304151535034, 0.9621585607528687, 0.9443648457527161, 1.0326098203659058, 0.9139711856842041, 0.951086163520813, 0.9249961972236633, 1.0077793598175049, 0.9788352251052856, 0.9346007108688354, 0.9652888178825378, 1.0663913488388062, 1.0296779870986938, 0.9436120390892029, 1.142792820930481, 0.9973543882369995, 1.0394593477249146, 1.0231928825378418, 1.1096452474594116, 1.05292809009552, 1.0836491584777832, 1.0801563262939453, 1.1304854154586792, 1.0650566816329956, 1.1005851030349731, 1.0801860094070435, 1.1373517513275146, 1.1690478324890137, 1.1658169031143188, 1.1001578569412231, 1.0654493570327759, 1.0476258993148804, 0.9990835785865784, 1.1659514904022217, 1.3551386594772339, 1.0885239839553833, 1.099381923675537, 1.1135591268539429, 1.1132210493087769, 1.1339808702468872, 1.135778784751892, 1.2092487812042236, 1.2912001609802246, 1.2149571180343628, 1.1750497817993164, 1.2564586400985718, 1.2546610832214355],